{"cameraMode":{"drawMode":0,"name":"Shaded","section":"Shading Mode"},"sceneLighting":true,"audioPlay":false,"sceneViewState":{"m_AlwaysRefresh":false,"showFog":true,"showSkybox":true,"showFlares":true,"showImageEffects":true,"showParticleSystems":true,"showVisualEffectGraphs":true,"m_FxEnabled":true},"in2DMode":false,"pivot":{"x":-1.5249584913253785,"y":2.2555739879608156,"z":1.0429682731628419},"rotation":{"x":-0.07039396464824677,"y":-0.037103891372680667,"z":0.002617816673591733,"w":-0.9968374967575073},"size":2.2377078533172609,"orthographic":false}